Nro Intervalo,Minimo Intervalo,Maximo Intervalo,Promedio Intervalo,Frecuencia Esperada, Frecuencia Observada, Valor Medio
1,-4.9600,0.0225,-2.46875,50, 46, 0.3478
2,0.0225,5.0050,2.51375,50, 51, 0.0196
3,5.0050,9.9875,7.49625,50, 54, 0.2963
4,9.9875,14.9700,12.47875,50, 49, 0.0204
